number of nodes,time in ms
10,0.012159347534179688
110,0.10211467742919922
210,0.1959085464477539
310,0.2938270568847656
410,0.4103422164916992
510,0.5023956298828125
610,7.483696937561035
