number of nodes,time in ms
10,0.10236983299255371
110,6.37694034576416
210,21.311598587036134
310,43.82283918857574
410,73.73462319374084
510,113.76044189929962
