number of nodes,time in ms
10,0.004673004150390625
110,0.03762245178222656
210,0.06914138793945312
310,0.09551048278808594
410,0.17211437225341797
510,0.16319751739501953
610,0.191497802734375
