number of nodes,time in ms
10,0.009775161743164062
110,0.07305145263671875
210,0.1348733901977539
310,0.19321441650390625
410,0.2949714660644531
510,0.30138492584228516
610,0.3687143325805664
