number of nodes,time in ms
10,0.1420982837677002
110,7.045893144607544
210,21.906953716278075
310,43.85928075313568
410,74.75308156013489
510,114.27567322254181
