number of nodes,time in ms
10,0.06325244903564453
110,9.378409385681152
210,28.912997245788574
310,60.399436950683594
410,103.26268672943115
510,158.43510627746582
610,224.52731132507324
