number of nodes,time in ms
10,0.03819465637207031
110,4.823732376098633
210,14.442873001098633
310,30.092144012451172
410,51.48200988769531
510,76.14243030548096
610,110.5311393737793
