number of nodes,time in ms
10,0.03829002380371094
110,4.854178428649902
210,15.36710262298584
310,31.034445762634277
410,51.316094398498535
510,75.86162090301514
