number of nodes,time in ms
10,0.05536079406738281
60,2.3420333862304688
110,7.47988224029541
160,15.29386043548584
210,26.308226585388184
260,41.15164279937744
310,56.94081783294678
360,76.57413482666016
410,100.47142505645752
460,121.94905281066895
510,150.46756267547607
560,184.42044258117676
610,216.44062995910645
660,258.3610773086548
710,296.69532775878906
760,335.5544090270996
810,383.9041471481323
860,435.8513116836548
910,486.600136756897
960,539.2845153808594
